Movie Name,Storyline
2024,No plot available
Beetlejuice Beetlejuice,No plot available
2024-25 UEFA Nations League,No plot available
The Black Tape Project - Texas Swim Week 2024,No plot available
Emmanuelle,No plot available
Wild Diamond,No plot available
2024/25 Metiers d'art Show Chanel Hangzhou,No plot available
Emily Rinaudo's Black Tape Project Exclusive: Texas Swim Week 2024,No plot available
Ranma Â½,No plot available
2024 Stanley Pup,No plot available
2024 MTV Video Music Awards,No plot available
Chandu Champion,No plot available
Vikram,thriller action